{"stats":{"minecraft:mined":{"minecraft:grass":7,"minecraft:oak_log":6},"minecraft:used":{"ironfurnaces:iron_furnace":1},"minecraft:custom":{"minecraft:jump":116,"minecraft:interact_with_furnace":1,"minecraft:time_since_rest":7575,"minecraft:damage_dealt":73,"minecraft:damage_taken":200,"minecraft:play_one_minute":7575,"minecraft:leave_game":8,"minecraft:sprint_one_cm":17596,"minecraft:time_since_death":7575,"minecraft:walk_one_cm":10520,"minecraft:sneak_time":86,"minecraft:fall_one_cm":1432,"minecraft:fly_one_cm":23146,"minecraft:crouch_one_cm":90},"minecraft:picked_up":{"minecraft:oak_log":6}},"DataVersion":2586}