{
  "tconstruct:tools/materials_and_you": {
    "criteria": {
      "crafted_book": "2024-10-12 18:27:24 +0000"
    },
    "done": true
  },
  "minecraft:recipes/misc/charcoal": {
    "criteria": {
      "has_log": "2024-10-12 18:31:05 +0000"
    },
    "done": true
  },
  "minecraft:recipes/building_blocks/acacia_wood": {
    "criteria": {
      "has_log": "2024-10-12 18:31:05 +0000"
    },
    "done": true
  },
  "minecraft:recipes/building_blocks/acacia_planks": {
    "criteria": {
      "has_log": "2024-10-12 18:31:05 +0000"
    },
    "done": true
  },
  "morevillagers:root": {
    "criteria": {
      "always": "2024-10-12 18:27:24 +0000"
    },
    "done": true
  },
  "minecraft:adventure/adventuring_time": {
    "criteria": {
      "minecraft:desert": "2024-10-12 18:31:09 +0000",
      "minecraft:savanna": "2024-10-12 18:27:24 +0000"
    },
    "done": false
  },
  "DataVersion": 2586
}