{
  "tconstruct:tools/materials_and_you": {
    "criteria": {
      "crafted_book": "2024-10-12 18:16:37 +0000"
    },
    "done": true
  },
  "minecraft:recipes/misc/charcoal": {
    "criteria": {
      "has_log": "2024-10-12 18:29:17 +0000"
    },
    "done": true
  },
  "minecraft:recipes/building_blocks/oak_planks": {
    "criteria": {
      "has_logs": "2024-10-12 18:29:17 +0000"
    },
    "done": true
  },
  "morevillagers:root": {
    "criteria": {
      "always": "2024-10-12 18:16:38 +0000"
    },
    "done": true
  },
  "minecraft:recipes/building_blocks/oak_wood": {
    "criteria": {
      "has_log": "2024-10-12 18:29:17 +0000"
    },
    "done": true
  },
  "minecraft:adventure/adventuring_time": {
    "criteria": {
      "minecraft:desert_hills": "2024-10-12 18:29:59 +0000",
      "minecraft:desert": "2024-10-12 18:29:32 +0000",
      "minecraft:savanna_plateau": "2024-10-12 18:29:27 +0000",
      "minecraft:river": "2024-10-12 18:16:37 +0000",
      "minecraft:savanna": "2024-10-12 18:28:31 +0000"
    },
    "done": false
  },
  "DataVersion": 2586
}